[
    {
        "model": "articles.article",
        "pk": 1,
        "fields": {
            "title": "하나",
            "created_at": "2019-10-18T00:00:00.000Z",
            "updated_at": "2019-10-18T00:00:00.000Z"
        }
    },
    {
        "model": "articles.article",
        "pk": 2,
        "fields": {
            "title": "둘",
            "created_at": "2019-10-18T00:00:00.000Z",
            "updated_at": "2019-10-18T00:00:00.000Z"
        }
    },
    {
        "model": "articles.article",
        "pk": 3,
        "fields": {
            "title": "셋",
            "created_at": "2019-10-18T00:00:00.000Z",
            "updated_at": "2019-10-18T00:00:00.000Z"
        }
    },
    {
        "model": "articles.comment",
        "pk": 1,
        "fields": {
            "article_id": 1,
            "content": "하나",
            "created_at": "2019-10-18T00:00:00.000Z"
        }
    },
    {
        "model": "articles.comment",
        "pk": 2,
        "fields": {
            "article_id": 1,
            "content": "둘",
            "created_at": "2019-10-18T00:00:00.000Z"
        }
    },
    {
        "model": "articles.comment",
        "pk": 3,
        "fields": {
            "article_id": 1,
            "content": "셋",
            "created_at": "2019-10-18T00:00:00.000Z"
        }
    },
    {
        "model": "articles.comment",
        "pk": 4,
        "fields": {
            "article_id": 2,
            "content": "하나",
            "created_at": "2019-10-18T00:00:00.000Z"
        }
    },
    {
        "model": "articles.comment",
        "pk": 5,
        "fields": {
            "article_id": 2,
            "content": "둘",
            "created_at": "2019-10-18T00:00:00.000Z"
        }
    },
    {
        "model": "articles.comment",
        "pk": 6,
        "fields": {
            "article_id": 2,
            "content": "셋",
            "created_at": "2019-10-18T00:00:00.000Z"
        }
    },
    {
        "model": "articles.comment",
        "pk": 7,
        "fields": {
            "article_id": 3,
            "content": "하나",
            "created_at": "2019-10-18T00:00:00.000Z"
        }
    },
    {
        "model": "articles.comment",
        "pk": 8,
        "fields": {
            "article_id": 3,
            "content": "둘",
            "created_at": "2019-10-18T00:00:00.000Z"
        }
    },
    {
        "model": "articles.comment",
        "pk": 9,
        "fields": {
            "article_id": 3,
            "content": "셋",
            "created_at": "2019-10-18T00:00:00.000Z"
        }
    }
]